Class,Sensitivity,Specificity,PPV,NPV,F1,AUC
MARD,0.9443969204448246,0.8442906574394463,0.8034934497816594,0.9574885546108568,0.8682658277624853,0.9451783531306147
MOD,0.9485294117647058,0.8986225895316804,0.8486842105263158,0.966804979253112,0.8958333333333334,0.969718744935991
SIDD,0.9378238341968912,0.9922509225092251,0.8960396039603961,0.9955572010366531,0.9164556962025316,0.9974313136913753
SIRD,0.11258278145695365,0.9755102040816327,0.4594594594594595,0.8560171919770774,0.18085106382978725,0.7119687345136729
